<?xml version="1.0" encoding="UTF-8" ?>
<XMLDB PATH="mod/bannerdocente/db" VERSION="20260115" COMMENT="XMLDB file for Moodle mod/bannerdocente">
  <TABLES>
    <TABLE NAME="bannerdocente" COMMENT="Default comment for bannerdocente, please edit me">
      <FIELDS>
        <FIELD NAME="id" TYPE="int" LENGTH="10" NOTNULL="true" SEQUENCE="true"/>
        <FIELD NAME="course" TYPE="int" LENGTH="10" NOTNULL="true" SEQUENCE="false"/>
        <FIELD NAME="name" TYPE="char" LENGTH="255" NOTNULL="true" SEQUENCE="false"/>
        <FIELD NAME="bannertext" TYPE="char" LENGTH="255" NOTNULL="false" SEQUENCE="false" COMMENT="Text to display on the banner"/>
        <FIELD NAME="backgroundcolor" TYPE="char" LENGTH="20" NOTNULL="false" SEQUENCE="false" COMMENT="Background color code"/>
        <FIELD NAME="intro" TYPE="text" NOTNULL="false" SEQUENCE="false"/>
        <FIELD NAME="introformat" TYPE="int" LENGTH="4" NOTNULL="true" DEFAULT="0" SEQUENCE="false"/>
        <FIELD NAME="timecreated" TYPE="int" LENGTH="10" NOTNULL="true" SEQUENCE="false"/>
        <FIELD NAME="timemodified" TYPE="int" LENGTH="10" NOTNULL="true" SEQUENCE="false"/>
      </FIELDS>
      <KEYS>
        <KEY NAME="primary" TYPE="primary" FIELDS="id"/>
      </KEYS>
      <INDEXES>
        <INDEX NAME="course" UNIQUE="false" FIELDS="course"/>
      </INDEXES>
    </TABLE>
  </TABLES>
</XMLDB>
